id_process;status;status_date;hashtags;id;url;title;description;upload_date;channel;duration;view_count;like_count;format;width;height;resolution;tbr;abr;acodec;vbr;fps;vcodec;container;filesize;filesize_approx;protocol;extractor;track;artist;genre;album;album_type;album_artist
0;Processed;20240406;#frevo;IS8r3wG8-Js;https://www.youtube.com/watch?v=IS8r3wG8-Js;Frevo - Grupo Sarandeiros - Espet√°culo Coup de Coeur;"O sexto v√≠deo de nossa s√©rie apresenta a mais fren√©tica e excitante manifesta√ß√£o do carnaval de rua: o frevo. A dan√ßa segue uma marcha de ritmo sincopado e violento que movimenta a multid√£o que fica a ferver (ou ""frever"", no popular). O ritmo genuinamente pernambucano tem origem nas disputas acirradas entre bandas militares, a partir dos dobrados, maxixes, quadrilhas e especialmente da polca e das marchas.

Espet√°culo ""Coup de Coeur"". Campanha de Populariza√ß√£o do Teatro e da Dan√ßa de BH 2015.
Coreografia: Grupo Sarandeiros
M√∫sica: Voltei Recife - Composi√ß√£o: Luiz Bandeira
Frevo dos vassourinhas - Composi√ß√£o: Matias da Rocha e Joana Batista Ramos";20200328;Grupo Sarandeiros;317;450362;5200;137 - 1920x1080 (1080p);1920;1080;;2691.5;;none;;30;avc1.640028;mp4_dash;106555142;;http_dash_segments;youtube;;;;;;
1;Processed;20240406;#frevo;6XruFqqeq9o;https://www.youtube.com/watch?v=6XruFqqeq9o;Frevo Pernambucano;"Filmado por mim (Arnaldo Temporal) no dia 22 de dezembro de 2012 √†s 15:004 hs na S√© de Olinda - Pernambuco.
O Nome do Frevo √© Fog√£o de autoria de Sergio Lisboa e √© executado pelo Maestro Duda e sua Orquestra.
Unesco torna frevo pernambucano patrim√¥nio da humanidade no dia 5 de dezembro de 2012.";20121224;Arnaldo Temporal;134;1233877;12000;137 - 1920x1080 (1080p);1920;1080;;4328.162;;none;;30;avc1.640028;mp4_dash;72388525;;http_dash_segments;youtube;;;;;;
2;Processed;20240406;#frevo;1c73MCW9F1o;https://www.youtube.com/watch?v=1c73MCW9F1o;Frevo Mulher - Trio;;20211111;Cia de Frevo do Recife;110;16428;236;137 - 1920x1080 (1080p);1920;1080;;3716.08;;none;;30;avc1.640028;mp4_dash;50848059;;http_dash_segments;youtube;;;;;;
3;Processed;20240406;#frevo;Ug5cIi1kJpk;https://www.youtube.com/watch?v=Ug5cIi1kJpk;FREVO | Concurso de Passista de Frevo do Recife 2020 (Categoria masculina);"Cobertura do Concurso de passista de frevo do Recife 2020 (categoria masculina)! O primeiro lugar ficou com Eliseu Nascimento e o segundo foi para Elias Barros (o primeiro e o segundo mostrados neste v√≠deo, respectivamente). 

Todos os passistas presentes neste v√≠deo: 
00:00 Eliseu Nascimento
00:57 Elias Barros
01:55 Deivison Vicente
02:29 √âverton Pequeno
03:11 Fabr√≠cio David
03:41 Fagner de Oliveira Batista
04:41 Rafa Guimar√£es
05:07 Henrique Dias
05:31 Vitor Martins
05:56 Wanderley Aires

ASSISTA TAMB√âM (2024): 
https://youtu.be/I58rRto4Tp8

IMAGENS: Ma√≠ra Passos/#NaPontadoP√â 

SITE NA PONTA DO P√â:
https://www.napontadope.com/

INSTAGRAM (@canalnapontadope):  
https://www.instagram.com/canalnapontadope

VEJA TAMB√âM: https://www.napontadope.com/concurso-de-passista-de-frevo-do-recife-2020/

* Para compartilhar este v√≠deo, use o link! =) N√£o fa√ßa o download para reproduzir em outras m√≠dias, sem autoriza√ß√£o. Direitos  reservados. 

#Frevo #Dan√ßa #Dan√ßaPopular #Recife";20200220;Na Ponta do P√â;400;77925;1200;137 - 1920x1080 (1080p);1920;1080;;4463.524;;none;;30;avc1.640028;mp4_dash;223380427;;http_dash_segments;youtube;;;;;;
4;Processed;20240406;#frevo;WLtvU-lXAvQ;https://www.youtube.com/watch?v=WLtvU-lXAvQ;Frevo - Grupo Sarandeiros - Dan√ßando na EEFFTO;"Frevo - Coreografia por Sarandeiros

O frevo segue uma marcha de ritmo sincopado e violento que movimenta a multid√£o que fica a ferver (ou ""frever"", no popular). O ritmo genuinamente pernambucano tem origem nas disputas acirradas entre bandas militares, a partir dos dobrados, maxixes, quadrilhas e especialmente da polca e das marchas.

Grava√ß√µes realizadas na Escola de Educa√ß√£o F√≠sica, Fisioterapia e Terapia Ocupacional da UFMG
Coreografia: Grupo Sarandeiros
M√∫sica: Voltei Recife - Composi√ß√£o: Luiz Bandeira
Frevo dos vassourinhas - Composi√ß√£o: Matias da Rocha e Joana Batista Ramos";20201014;Grupo Sarandeiros;348;155280;1500;137 - 1920x1080 (1080p);1920;1080;;4161.928;;none;;25;avc1.640028;mp4_dash;181147936;;http_dash_segments;youtube;;;;;;
5;Processed;20240406;#frevo;A1aGURlQP6A;https://www.youtube.com/watch?v=A1aGURlQP6A;Aprenda a dan√ßar FREVO em apenas 12 passos;"Quer saber como dan√ßar frevo? Neste v√≠deo o JC te mostra como aprender a dan√ßar frevo com 12 passos super simples para voc√™ cair na folia e se divertir no carnaval.

O ritmo pernambucano que dominou o mundo, o frevo √© contagiante e muito gostoso de dan√ßar. Seja no carnaval de Olinda, carnaval em Recife ou em qualquer lugar do Brasil e do mundo, as dan√ßarinas de frevo mostram nesse v√≠deo como dan√ßar frevo passo a passo.

Para quem n√£o sabe ainda como se dan√ßa a dan√ßa do frevo, esse v√≠deo te mostra passos de frevo e como dan√ßar frevo. 

Cap√≠tulos 
00:00 Aprenda a dan√ßar FREVO em apenas 12 passos
00:01 TROCADILHO
00:16 TUBAR√ÉO
00:25 ENGANA POVO
00:41 TESOURA CEGA
00:45 METR√î SUBTERR√ÇNEO
00:55 ROJ√ÉO
1:03 TESOURA COM PONTA DE P√â E CALCANHAR
01:18 SEQU√äNCIA DE BAILARINA
01:33 PONTILHANDO
01:48 CARPADO
01:56 TESOURA
02:11 GRILO

üì≤ Compartilhe esse v√≠deo:
https://youtu.be/A1aGURlQP6A

üì∑ Imagens: /JC Imagem 
üé• Edi√ß√£o de V√≠deo: Tato Rocha

#frevo #carnaval #carnavalOlinda #aprendendoadancarfrevo #passosdefrevo  #TV74829025JC2022 

--------------------------------------------------------------------------------------------------------------------

üî¥üî¥ Voc√™ pode gostar desses v√≠deos tamb√©m: üî¥üî¥

Passo do Frevo
https://www.youtube.com/watch?v=UhtkVTk7dTU

Hist√≥ria do Frevo: saiba mais sobre a origem do Dia do Frevo
https://www.youtube.com/watch?v=OmK80OzcD9c

________________________________________________________________________ 

QUER MAIS REPORTAGENS?

üíª Voc√™ encontra muito mais not√≠cias e conte√∫do em JC Online: http://jc.com.br

‚úÖ ASSINE JC DIGITAL + JC CLUBE: https://assinejc.com.br/

_________________________________________________________________________________

SOBRE O CANAL

O Jornal do Commercio √© um ve√≠culo de comunica√ß√£o do Sistema Jornal do Commercio de Comunica√ß√£o.

Publicamos Not√≠cias sobre Pernambuco, Recife, Brasil, Suape, times pernambucanos como N√°utico, Sport e Santa Cruz, cena cultural de Pernambuco e do mundo, entre v√°rios outros temas. Jornalismo de qualidade em tempo real.

üëâ INSCREVA-SE NO CANAL E FIQUE POR DENTRO DAS PRINCIPAIS NOT√çCIAS DE PERNAMBUCO: https://www.youtube.com/user/jornaldocommercio1

üî¥‚¨áConecte-se com o JC:‚¨áüî¥
üëâ Twitter: @jc_pe 
üîµ Facebook: @jornaldocommercioPE
üì≤ Instagram: @jc_pe

Obrigado por assistir,
Equipe JC TV.";20170223;JC Play;136;248591;3500;137 - 1920x1080 (1080p);1920;1080;;1805.886;;none;;30;avc1.640028;mp4_dash;30745666;;http_dash_segments;youtube;;;;;;
6;Processed;20240406;#frevo;DCQlL-Gu5k0;https://www.youtube.com/watch?v=DCQlL-Gu5k0;Passistas no Alto da S√©/Olinda no Dia Nacional do Frevo - S√°b, 14/09/2019;Passistas no Alto da S√©/Olinda no Dia Nacional do Frevo, no s√°bado 14/09/2019;20190916;A VAIDOSA;130;14115;262;137 - 1920x1080 (1080p);1920;1080;;4343.808;;none;;30;avc1.640028;mp4_dash;70477756;;http_dash_segments;youtube;;;;;;
7;Processed;20240406;#frevo;pSAZuaGEnaI;https://www.youtube.com/watch?v=pSAZuaGEnaI;Passos de Frevo :: O Ba√∫ da Camilinha;"Hoje √© dia de cair no passo ao ritmo do frevo! Nesse v√≠deo, convidamos o passista Ferreirinha para nos ensinar alguns passinhos de frevo para todo mundo fazer bonito nesse Carnaval. Aperta o play e vem dan√ßar e se divertir com a gente.

Bom Carnaval para todo mundo!

Agradecimento: Pa√ßo do Frevo
Ferreirinha - passista de frevo
V√≠deo: Asa Amiga Filmes
Apresenta√ß√£o: Camilinha e Jo√£o :: O Ba√∫ da Camilinha

Siga tamb√©m nossas redes sociais:
Instagram: @obaudacamilinha
Facebook: http://www.facebook.com/obaudacamilinha
Site: http://www.obaudacamilinha.com.br
Se inscreve l√° na nossa lista e vem fazer parte do nosso ba√∫ exclusivo!

https://youtu.be/pSAZuaGEnaI";20170223;O Bau da Camilinha;154;396454;8700;137 - 1920x1080 (1080p);1920;1080;;1908.454;;none;;30;avc1.640028;mp4_dash;36678823;;http_dash_segments;youtube;;;;;;
8;Processed;20240406;#frevo;66cAD7-9tXY;https://www.youtube.com/watch?v=66cAD7-9tXY;Frevo do Studio Vi√©gas de Dan√ßa.;"Frevo Grupo de Dan√ßas Viegas.

O Studio Vi√©gas de Dan√ßa-Recife-PE, almeja conquistar seu espa√ßo dentro e fora do estado de Pernambuco, sendo refer√™ncia de um frevo inovador, misturando v√°rios elementos art√≠sticos, mantendo as tradi√ß√µes do passado com um presente contempor√¢neo e futurista.";20160913;Edmar Paz;235;151110;1500;136 - 1280x720 (720p);1280;720;;1292.53;;none;;30;avc1.4d401f;mp4_dash;37903605;;http_dash_segments;youtube;;;;;;
9;Processed;20240406;#frevo;yqZOUZaz3NM;https://www.youtube.com/watch?v=yqZOUZaz3NM;COREOGRAFIA FREVO - 2015;ESCOLA T√âCNICA MAXIMIANO ACCIOLY CAMPOS. 3¬∫ B REDES DE COMPUTADORES. UNIDADE DAN√áA.;20150621;Canal do Professor Jaime Jesus;170;459929;4400;136 - 1280x720 (720p);1280;720;;1633.978;;none;;30;avc1.4d401f;mp4_dash;34722051;;http_dash_segments;youtube;;;;;;
10;Processed;20240406;#frevo;V4XWFfSJR1I;https://www.youtube.com/watch?v=V4XWFfSJR1I;Dan√ßa do Frevo (B√°sico);"vamos aprender Dan√ßa?! 
Acessibilidade.

Dan√ßa do Frevo (B√°sico I)
M√∫sica: Hino de Pernambuco 
cantor : Alceu Valen√ßa 
Instagram: @wivianytrindadel";20210131;Wiviany Trindade;42;394;6;136 - 1280x720 (720p);1280;720;;1536.539;;none;;25;avc1.64001f;mp4_dash;8112928;;http_dash_segments;youtube;;;;;;
11;Processed;20240406;#frevo;C9Jewso5gY4;https://www.youtube.com/watch?v=C9Jewso5gY4;Flaira - improviso de dan√ßa e frevo;Flaira e Z√© Pitoco em improviso de m√∫sica e dan√ßa no show de lan√ßamento do disco Cord√µes Umbilicais. Instituto Brincante, outubro, 2015.;20151006;Flaira Ferro;347;63754;1900;137 - 1920x1080 (1080p);1920;1080;;1653.6;;none;;24;avc1.640028;mp4_dash;71710242;;http_dash_segments;youtube;;;;;;
12;Processed;20240406;#frevo;MLksVSxJq_E;https://www.youtube.com/watch?v=MLksVSxJq_E;Coreografia do frevo Voltei Recife | Cia arte popular;;20220101;Di√°rio On-line;157;16751;295;137 - 1920x1080 (1080p);1920;1080;;3703.901;;none;;30;avc1.640028;mp4_dash;72873794;;http_dash_segments;youtube;;;;;;
13;Processed;20240406;#frevo;YDinGi2crCU;https://www.youtube.com/watch?v=YDinGi2crCU;Aprenda a dan√ßar frevo;Falta pouco mais de um m√™s para o Carnaval 2018. Se voc√™ ainda n√£o aprendeu a frevar, presta aten√ß√£o no passo a passo desta aula.;20180118;RioMar Recife;133;36020;579;137 - 1920x1080 (1080p);1920;1080;;3730.308;;none;;24;avc1.640028;mp4_dash;62077934;;http_dash_segments;youtube;;;;;;
14;Processed;20240406;#frevo;GfqLfKFAwVk;https://www.youtube.com/watch?v=GfqLfKFAwVk;Que saudade desse frevo - 2¬∫ Lugar Festival de dan√ßa de Petr√≥polis - Setembro/2015;Coreografia de Priscila Ferraz - Projeto Arte com Vis√£o;20150929;INSTITUTOMUNDONOVO;246;100881;1000;137 - 1920x1080 (1080p);1920;1080;;2428.64;;none;;30;avc1.640028;mp4_dash;74745049;;http_dash_segments;youtube;;;;;;
15;Processed;20240406;#frevo;GU3IeOMqTTg;https://www.youtube.com/watch?v=GU3IeOMqTTg;FREVO - ORIGEM, CARACTER√çSTICAS E TIPOS - UMA DAN√áA T√çPICA BRASILEIRA [CURIOSIDADES];"O Frevo nasceu no Recife, capital de Pernambuco, misturando marcha, maxixe e elementos da capoeira. Surgiu no final do s√©culo XIX, mas desde 2012 √© do mundo inteiro quando foi considerado pela UNESCO como Patrim√¥nio Cultural Imaterial da Humanidade.

üî¥ Link para inscrever-se no canal:   
https://www.youtube.com/c/BisnagasKidsOficial

üîî Obrigado por assistirem nossos v√≠deos!

Se gostou j√° deixe seu LIKE e se inscreva no canal para n√£o perder os pr√≥ximos v√≠deos:

#frevo #frevoorigem #frevocarnaval #carnaval #carnavaldepernambuco #carnavalderecife #bisnagaskids #carnavaldobrasil #frevocaracteristicas @dancatipica #carnavalfrevo #dan√ßa #dancatipica";20230205;Bisnagas Flix;210;9428;161;137 - 1920x1080 (1080p);1920;1080;;3910.637;;none;;30;avc1.640028;mp4_dash;102637615;;http_dash_segments;youtube;;;;;;
16;Processed;20240406;#frevo;kvi2HHGiBKU;https://www.youtube.com/watch?v=kvi2HHGiBKU;FREVO - CARNAVAL 2020;"O #frevo √© um ritmo musical e uma dan√ßa brasileira com origem no estado de Pernambuco. Sua m√∫sica baseia-se na fus√£o de g√™neros como marcha, maxixe, dobrado e polca, e sua dan√ßa foi influenciada pela capoeira.

Foi declarado #Patrim√¥nio Imaterial da Humanidade pela UNESCO no ano de 2012, sob a designa√ß√£o ""Frevo: Arte do Espet√°culo do Carnaval do #Recife"".

Origem

Surgido em #Pernambuco no fim do s√©culo XIX, o frevo caracteriza-se pelo ritmo extremamente acelerado. Muito executado durante o carnaval, eram comuns conflitos entre blocos de frevo, em que capoeiristas sa√≠am √† frente dos seus blocos para intimidar blocos rivais e proteger seu grupo.

O frevo √© uma cria√ß√£o de compositores de m√∫sica ligeira, feita para o carnaval para proporcionar mais anima√ß√£o nos folguedos. Com o decorrer do tempo, o frevo ganhou caracter√≠sticas pr√≥prias.

Dan√ßa

A #capoeira, que, considera-se, surgiu no Quilombo dos Palmares (situado na ent√£o Capitania de Pernambuco), influenciou diretamente as origens do frevo.[2][3]
Da jun√ß√£o da capoeira com o ritmo do frevo nasceu o passo, a dan√ßa do frevo foi utilizada inicialmente como armas de defesa dos passistas que remetem diretamente a luta, resist√™ncia e camuflagem, herdada da capoeira e dos capoeiristas, que faziam uso de porretes ou cabos de velhos guarda-chuvas como arma contra grupos rivais. Foi da necessidade de imposi√ß√£o e do nacionalismo exacerbado no per√≠odo das revolu√ß√µes Pernambucanas que foi dada a representa√ß√£o da vontade de independ√™ncia e da luta na dan√ßa do frevo.

A dan√ßa do frevo pode ser de duas formas: quando a multid√£o dan√ßa, ou quando passistas realizam os passos mais dif√≠ceis, de forma acrob√°tica durante o percurso. O frevo possui mais de 120 passos catalogados.
Os m√∫sculos mais requisitados do frevo s√£o os das pernas e do abd√¥men.

O frevo na Bahia

A presen√ßa do clube carnavalesco pernambucano Vassourinhas no carnaval de Salvador, em 1951, insipirou os baianos Dod√¥ e Osmar a tocarem o frevo num instrumento por eles inventado, o pau el√©trico - que viria a ser conhecido como guitarra baiana -, em cima de um Ford 1929 (a famosa Fobica), dando origem ao trio el√©trico[12].

O frevo el√©trico, executado atrav√©s da guitarra baiana, tamb√©m ficou conhecido como frevo baiano, e desde os anos 1950 at√© os anos 1980 foi um dos g√™neros musicais protagonistas do carnaval soteropolitano e da m√∫sica baiana de modo geral, tendo sido bastante executado por m√∫sicos e bandas como Caetano Veloso, Moraes Moreira, Armandinho, Pepeu Gomes e Novos Baianos, bem como por blocos de trio como Papa L√©guas, Camale√£o, Beijo e Cheiro de Amor[13].

No final dos anos 1980, o frevo el√©trico se misturaria ao samba-reggae e outros ritmos afrobaianos, afrobrasileiros e caribenhos, dando origem √† ax√© music[14].

Nas d√©cadas de 2000 e 2010, o frevo el√©trico volta a ocupar uma posi√ß√£o de destaque nos trabalhos de bandas soteropolitanas como BaianaSystem[15] e Retrofoguetes, com seu projeto paralelo Retrofolia 

Fonte: Wikip√©dia
https://pt.wikipedia.org/wiki/Frevo";20200228;PHOENIX1423;48;633;8;137 - 1920x1080 (1080p);1920;1080;;4475.872;;none;;25;avc1.640028;mp4_dash;26586682;;http_dash_segments;youtube;;;;;;
17;Processed;20240406;#frevo;X8Q8eQtjtVE;https://www.youtube.com/watch?v=X8Q8eQtjtVE;A mega performance da passista pernambucana Camilla Santana - Frevo Mulher;Passista pernambucana Camilla Santana - Frevo Mulher. V√≠deo gravado em 08/12/2017.;20171227;A VAIDOSA;217;56392;1000;137 - 1920x1080 (1080p);1920;1080;;4585.994;;none;;30;avc1.640028;mp4_dash;124509181;;http_dash_segments;youtube;;;;;;
18;Processed;20240406;#frevo;bxoeI3RHmdw;https://www.youtube.com/watch?v=bxoeI3RHmdw;Escola de Frevo - Festival de Dan√ßa;"INSCREVA-SE / COMPARTILHE / DEIXE SEU COMENT√ÅRIO
Apresenta√ß√£o da Escola de Frevo do Recife na abertura do 24¬∫ Festival de Dan√ßa do Recife no Teatro Santa Isabel.";20191105;Entre Coletivo;746;3803;124;137 - 1920x1080 (1080p);1920;1080;;3212.961;;none;;30;avc1.640028;mp4_dash;299760431;;http_dash_segments;youtube;;;;;;
19;Processed;20240406;#frevo;lzEpkl8Fhck;https://www.youtube.com/watch?v=lzEpkl8Fhck;Solo de Frevo - Jeci Oliveira;"V√≠deo produzido no Pa√ßo Alf√¢ndega Shopping, em Recife-PE.
Passista: Jecilene de Oliveira 
Can√ß√£o: Cocada (Frevo de Rua de Lourival Oliveira)";20200124;Jecilene de Oliveira;59;3516;36;137 - 1920x1080 (1080p);1920;1080;;4216.223;;none;;30;avc1.640028;mp4_dash;31041416;;http_dash_segments;youtube;;;;;;
20;Processed;20240406;#frevo;2nJlaHlo81I;https://www.youtube.com/watch?v=2nJlaHlo81I;Bal√© Origens 20 anos - Frevo - Vassourinha;"Show de 20 anos - Coreografia parte do quadro de Frevo.
M√∫sica: Frevo Vassourinha
Imagem: Toccanto Produ√ß√µes Audiovisuais.";20161003;BaleOrigens;117;17899;150;137-dash - 1440x1080 (DASH video);1440;1080;;3864.627;;none;;30;avc1.640028;mp4_dash;52214252;;http_dash_segments;youtube;;;;;;
21;Processed;20240406;#frevo;Ue-Ap47MADY;https://www.youtube.com/watch?v=Ue-Ap47MADY;FREVO MULHER - ORQUESTRA ARTE JOVEM 2021;"Concerto realizado em setembro de 2021 no teatro da Caixa Cultural Bras√≠lia.
M√∫sica: Z√© Ramalho
Arranjo:  Ewerton Luiz
Reg√™ncia: Maestro J√∫nior

Patrocinador M√°ster: Caixa Econ√¥mica Federal
Apoio: Secretaria de Cultura do Distrito Federal,  Cl√≠nica Doutor Certo, Col√©gio Vencer, Real Expresso e Expresso Guanabara";20220115;Projeto Musical Arte Jovem;199;27427;562;137 - 1920x1080 (1080p);1920;1080;;4345.203;;none;;30;avc1.640028;mp4_dash;107959307;;http_dash_segments;youtube;;;;;;
22;Processed;20240406;#frevo;n09Figp0QAk;https://www.youtube.com/watch?v=n09Figp0QAk;Arte e Movimento Centro de DancÃßa - Frevo Mulher(es) | 38¬∫ Festival de Dan√ßa de Joinville;"Mostra Competitiva
2¬™ Noite - Dan√ßas Populares Brasileiras

Grupo: Arte e Movimento Centro de DancÃßa
Coreografia: Frevo Mulher(es)
Core√≥grafo(a): Ana Gabriela Torres
Categoria: J√∫nior
G√™nero: Dan√ßas Populares Brasileiras
Subg√™nero: Conjunto

Release: Composi√ß√£o de elementos da dan√ßa frevo e a dan√ßa afro que s√£o a nascente da dan√ßa popular no Brasil.

38¬∫ Festival de Dan√ßa de Joinville
De 5 a 16 de outubro de 2021";20220210;Festival de Dan√ßa de Joinville;279;586;14;137 - 1920x1080 (1080p);1920;1080;;1499.453;;none;;30;avc1.640028;mp4_dash;52212089;;http_dash_segments;youtube;;;;;;
23;Processed;20240406;#frevo;cBv4MkFJe3U;https://www.youtube.com/watch?v=cBv4MkFJe3U;Faust√£o Dan√ßa das Feras Frevo Daniel Norton e Paula Santos;;20220203;Daniel Norton;122;353;10;137 - 1920x1080 (1080p);1920;1080;;4720.42;;none;;30;avc1.640028;mp4_dash;71703781;;http_dash_segments;youtube;;;;;;
24;Processed;20240406;#frevo;TD93LFHnIRI;https://www.youtube.com/watch?v=TD93LFHnIRI;FREVO EM RECIFE - ESPET√ÅCULO - ENTRE RUAS;Espet√°culo de Frevo Entre Ruas realizado no Recife.;20190219;Anderson Falc√£o;225;355;11;137 - 1920x1080 (1080p);1920;1080;;4464.485;;none;;24;avc1.640028;mp4_dash;125712090;;http_dash_segments;youtube;;;;;;
25;Processed;20240406;#frevo;I01aa3xbM9k;https://www.youtube.com/watch?v=I01aa3xbM9k;VIVIANE ARA√öJO E MARCELO GRAJEIRO DAN√áANDO FREVO;;20151122;Luiz Soares;52;10238;63;137 - 1920x1080 (1080p);1920;1080;;4323.995;;none;;30;avc1.640028;mp4_dash;27961659;;http_dash_segments;youtube;;;;;;
26;Processed;20240406;#frevo;I58rRto4Tp8;https://www.youtube.com/watch?v=I58rRto4Tp8;FREVO | Concurso de Passistas de Frevo do Recife 2024 - Categoria: masculino adulto;"E o frevo segue NA PONTA DO P√â! Confiram a cobertura do Concurso de passista de frevo do Recife 2024 (categoria: masculino adulto)! 

üèÜ O primeiro lugar ficou com Eliseu Nascimento e o segundo foi para Fabr√≠cio F√°bio Adelino (o primeiro e o segundo mostrados neste v√≠deo, respectivamente). 

As apresenta√ß√µes contaram com m√∫sica ao vivo, da Orquestra Botelho Frevo e Folia!  

Todos os passistas presentes neste v√≠deo: 
00:00 Eliseu Nascimento (campe√£o)
02:15 F√°bio Fabr√≠cio Adelino (vice-campe√£o)
04:24 Bruno Felipe Gon√ßalves dos Santos 
06:27 √âverton Jos√© de Souza 
08:06 Marcus Vin√≠cius 
09:14 Allan Marllon do Nascimento 
11:21 Dayvison Oliveira da Silva
13:03 Shermisson Henrique da Silva 

IMAGENS E EDI√á√ÉO: 
Ma√≠ra Passos/#NaPontadoP√â 

SITE NA PONTA DO P√â:
https://www.napontadope.com/

INSTAGRAM (@canalnapontadope):  
https://www.instagram.com/canalnapontadope

* Para compartilhar este v√≠deo, use o link! =) N√£o fa√ßa o download para reproduzir em outras m√≠dias, sem autoriza√ß√£o. Direitos  reservados. 

#Frevo #Dan√ßa #Dan√ßaPopular #Recife";20240130;Na Ponta do P√â;851;996;41;137 - 1920x1080 (1080p);1920;1080;;4185.419;;none;;30;avc1.640028;mp4_dash;445066496;;http_dash_segments;youtube;;;;;;
27;Processed;20240406;#frevo;eqOKtu2sF6U;https://www.youtube.com/watch?v=eqOKtu2sF6U;Flaira Ferro em FREVO PRA DAN√áAR O ANO TODO - Ao vivo em 2015;Flaira Ferro, essa beleza de pessoa, de artista, de cantora, de compositora e minha passista de frevo preferida. Orgulho pernambucano!;20230313;Ab√≠lio Neto;107;902;35;136 - 1280x720 (720p);1280;720;;2083.27;;none;;24;avc1.64001f;mp4_dash;27793687;;http_dash_segments;youtube;;;;;;
28;Processed;20240406;#frevo;8nLQQ7ZXGQ8;https://www.youtube.com/watch?v=8nLQQ7ZXGQ8;Concurso de passista de frevo 2019 - Bruna Renata;"Com esse solo Bruna Renata foi o 2¬∫ lugar na categoria Adulto Feminino do Concurso de Passista de Frevo do Recife em 2019!

Voc√™ encontra ela no instagram: @bhrunnarenata 

‚úÖ  OFICINAS DE FREVO MEXE COM TUDO: https://goo.gl/rnRGXD

üòÑüòÑ CONTE√öDO GRATUITO SOBRE FREVO: 
Youtube: https://goo.gl/pNWFKb
Instagram: https://goo.gl/C1iFiw
Facebook: https://goo.gl/g7eUUi

‚úî Assista tamb√©m ‚úî
üëâ Frevo e pol√≠tica: como o frevo se tornou √≠cone de Pernambuco?https://youtu.be/3qfBmflyZRo
üëâ Saiba por que voc√™ tem vergonha de dan√ßar frevo
https://goo.gl/Z9wTKW
üëâ A hist√≥ria da sombrinha de frevo! 
https://youtu.be/mkMs7npkbTE

#concursodepassista #carnaval2019 #mexecomtudo";20190223;Mexe com Tudo;121;2630;71;137 - 1920x1080 (1080p);1920;1080;;4534.093;;none;;24;avc1.640028;mp4_dash;68362794;;http_dash_segments;youtube;;;;;;
29;Processed;20240406;#frevo;QjNGtjmyQ5c;https://www.youtube.com/watch?v=QjNGtjmyQ5c;"Frevo. Coreografia: "" O beab√° do frevo"". Cia Ronaldo Rodrigues Master 2020.";;20200910;Ronaldo Rodrigues da Luz;133;451;17;137 - 1920x1080 (1080p);1920;1080;;3570.173;;none;;30;avc1.640028;mp4_dash;59413042;;http_dash_segments;youtube;;;;;;
30;Processed;20240406;#frevo;1yYntpEbJho;https://www.youtube.com/watch?v=1yYntpEbJho;Frevo e Coco - Or√© Anac√£;IV Encontro Nacional Universit√°rio de Dan√ßas Populares - ENUDP - Cuiab√° - MT;20151109;Dan√ßas Brasileiras;463;3150;33;136 - 1280x720 (720p);1280;720;;2003.407;;none;;25;avc1.64001f;mp4_dash;115907145;;http_dash_segments;youtube;;;;;;
31;Processed;20240406;#frevo;M7t9-ozjnEU;https://www.youtube.com/watch?v=M7t9-ozjnEU;JEHF ROSA canta FREVO - Flor Ribeirinha Dan√ßa.;"Cantando, interpretando o FREVO com as can√ß√µes do grandioso compositor Alceu Valen√ßa:
Voltei Recife e
Bom demais 
Coreografia Renan Ramos e Avinner Augusto.
No Festival Europeu de Folklore em NEUSTADT in hostein na Alemanha.";20190803;JEHFF ROSA;374;1458;33;137 - 1920x932 (1080p);1920;932;;3690.486;;none;;30;avc1.640028;mp4_dash;172453187;;http_dash_segments;youtube;;;;;;
32;Processed;20240406;#frevo;5gmWRD5ox5Y;https://www.youtube.com/watch?v=5gmWRD5ox5Y;Dance Carnival Frevo(dan√ßa de frevo carnaval);Ol√°!! O nome da crian√ßa que est√° dan√ßando √© Shermeson Henrique, tem 10 anos de idade , dan√ßa frevo desde os 3 anos , aprendeu frevo sozinho e com 8 anos foi para escola de frevo!;20160124;M¬∫ Clara Brito;179;285;5;136 - 1280x720 (720p);1280;720;;1529.823;;none;;30;avc1.64001f;mp4_dash;34209151;;http_dash_segments;youtube;;;;;;
33;Processed;20240406;#frevo;xu9iZA0J7rg;https://www.youtube.com/watch?v=xu9iZA0J7rg;Espa√ßo Dance - Coreografia: Frevo Mulher;"Musica: Frevo Mulher
Artista: Banda Calypso
Coreografia: Gra√ßa Silva";20170301;Gracy;173;28653;420;136 - 1280x720 (720p);1280;720;;807.542;;none;;24;avc1.4d401f;mp4_dash;17429997;;http_dash_segments;youtube;;;;;;
34;Processed;20240406;#frevo;wMuJ02ksp14;https://www.youtube.com/watch?v=wMuJ02ksp14;Cia de Frevo do Recife na Mostra Brasileira de Dan√ßa;;20160805;Mayryjane;869;2578;45;137 - 1920x1080 (1080p);1920;1080;;2951.584;;none;;25;avc1.640028;mp4_dash;320461662;;http_dash_segments;youtube;;;;;;
35;Processed;20240406;#frevo;ohUUljo_gHk;https://www.youtube.com/watch?v=ohUUljo_gHk;Frevo de rua pelas ruas do Recife Antigo;"Filmado √† m√£o livre no dia 27 de julho de 2014 pelas ruas do Recife Antigo.
Clique no √≠cone da engrenagem e escolha 720p para uma melhor defini√ß√£o de imagem.
O nome deste Frevo √©  ""Frevo dos Motoristas""  composi√ß√£o do Maestro Nunes.
D√™ dois cliques na imagem para ver em tela cheia.";20150126;Arnaldo Temporal;287;140652;651;136 - 1280x720 (720p);1280;720;;2303.219;;none;;30;avc1.4d401f;mp4_dash;82460727;;http_dash_segments;youtube;;;;;;
36;Processed;20240406;#frevo;vwto-Pi6-m4;https://www.youtube.com/watch?v=vwto-Pi6-m4;Studio Compasso de Dan√ßa: √â frevo meu bem! - 3¬∫ Lugar - Passo de Arte Internacional 2018;"Trio Avan√ßado - Estilo Livre
3¬∫ Lugar no Passo de Arte internacional 2018
indaiatuba - SP 
Bailarinos: J√©ssica Ferreira, H√°lison Santana e Ang√©lica Soares
Core√≥grafa: J√©ssica Ferreira";20180716;Studio Compasso de Dan√ßa;227;465;11;136 - 1280x720 (720p);1280;720;;1230.63;;none;;30;avc1.64001f;mp4_dash;34852384;;http_dash_segments;youtube;;;;;;
37;Processed;20240406;#frevo;6iB4W9FAPeU;https://www.youtube.com/watch?v=6iB4W9FAPeU;Dan√ßa Frevo Tanzfest 2014 - Frevo;"Choreograph: Carlos Frevo
Tanzgruppe: Locomotiva do Frevo e.V.
www.carlosfrevo.de
www.tanzstudio-danca-frevo.de";20150226;Dan√ßa Frevo - Cultural Events;230;206;2;137 - 1920x1080 (1080p);1920;1080;;2455.547;;none;;30;avc1.640028;mp4_dash;70534381;;http_dash_segments;youtube;;;;;;
38;Processed;20240406;#frevo;ipHIZmSvZpg;https://www.youtube.com/watch?v=ipHIZmSvZpg;Dan√ßa do Frevo Pernambucano Em homenagem a Maestro Spok;Dan√ßa do Frevo Pernambucano Em homenagem a Maestro Spok;20130531;Col√©gio Santa Maria;181;4079;28;136 - 1280x720 (720p);1280;720;;2312.481;;none;;25;avc1.4d401f;mp4_dash;52244153;;http_dash_segments;youtube;;;;;;
39;Processed;20240406;#frevo;46jD9XghP3k;https://www.youtube.com/watch?v=46jD9XghP3k;FREVO | Concurso de Passistas de Frevo do Recife 2024 - Categoria: juvenil II masculino;"Registros dos jovens passistas Fl√°vio Mateus e Luiz Felipe, no Concurso de Passistas de Frevo do Recife 2024, da categoria juvenil II masculino! As apresenta√ß√µes aconteceram no P√°tio de S√£o Pedro e a realiza√ß√£o foi da Prefeitura do Recife. 

M√∫sica 1: Lagrimas de foli√£o, de Levino Ferreira. 
M√∫sica 2: F√°tima, de Eufr√°sio Silvia 
Orquestra Botelho Frevo e Folia 

00:00 Fl√°vio Mateus 
01:36 Luiz Felipe 

IMAGENS E EDI√á√ÉO: 
Ma√≠ra Passos/#NaPontadoP√â 

SITE NA PONTA DO P√â:
https://www.napontadope.com/

INSTAGRAM (@canalnapontadope):  
https://www.instagram.com/canalnapontadope

* Para compartilhar este v√≠deo, use o link! =) N√£o fa√ßa o download para reproduzir em outras m√≠dias, sem autoriza√ß√£o. Direitos  reservados. 

#Frevo #Dan√ßa #Dan√ßaPopular #Recife";20240227;Na Ponta do P√â;199;168;22;137 - 1920x1080 (1080p);1920;1080;;4436.463;;none;;30;avc1.640028;mp4_dash;110541703;;http_dash_segments;youtube;;;;;;
40;Processed;20240406;#frevo;rqPQFRdDLfw;https://www.youtube.com/watch?v=rqPQFRdDLfw;FREVO | Concurso de Passistas de Frevo do Recife 2024 - Categoria: passistas de rua feminino;"Mais registos das apresenta√ß√µes do Concurso de Passistas de Frevo do Recife 2024! Desta vez, da categoria ""passistas de rua"" feminino, que √© a categoria amadora adulta. 

As apresenta√ß√µes aconteceram no P√°tio de S√£o Pedro e a realiza√ß√£o foi da Prefeitura do Recife. 

00:00 Gabriele Giovanna Lima (primeiro lugar!)  
01:15 Fabiana Freire Gusm√£o 
01:53 Maria Jos√© Pereira de Amorim 
02:53 Adai Ara√∫jo dos Santos 
03:37 Vera L√∫cia Tomas da Silva 
04:25 Bet√¢nia Gon√ßalves da Silva 

IMAGENS E EDI√á√ÉO: 
Ma√≠ra Passos/#NaPontadoP√â 

SITE NA PONTA DO P√â:
https://www.napontadope.com/

INSTAGRAM (@canalnapontadope):  
https://www.instagram.com/canalnapontadope  

* Para compartilhar este v√≠deo, use o link! =) N√£o fa√ßa o download para reproduzir em outras m√≠dias, sem autoriza√ß√£o. Direitos  reservados. 

#Frevo #Dan√ßa #Dan√ßaPopular #Recife";20240228;Na Ponta do P√â;286;135;9;137 - 1920x1080 (1080p);1920;1080;;4261.56;;none;;30;avc1.640028;mp4_dash;152083913;;http_dash_segments;youtube;;;;;;
41;Processed;20240406;#frevo;hw45mbJRaaQ;https://www.youtube.com/watch?v=hw45mbJRaaQ;FESTIVAL | Frevo Mulher, da Cia. de Frevo do Recife;"1¬∫ Festival de V√≠deos de Dan√ßa Na Ponta do P√â apresenta: Frevo Mulher, da Cia. de Frevo do Recife (PE) 

SINOPSE:
Coreografia da Cia. de Frevo do Recife, que busca evidenciar a mulher passista, sua for√ßa, beleza e resist√™ncia. 

FICHA T√âCNICA: 
Core√≥grafa: Bruna Renata 
M√∫sica: Frevo Mulher 
Passistas: Nicoly Nascimento, Suelen Kerolayne e Bruna Renata 

CONTATOS DA CIA: 
Instagram: https://www.instagram.com/ciadefrevodorecife/ 
Youtube: https://www.youtube.com/channel/UCGlYr4U-mH5kU2TslnVkAsg 

SITE NA PONTA DO P√â:
https://www.napontadope.com/‚Äã

INSTAGRAM (@canalnapontadope):  
https://www.instagram.com/canalnapontadope

* Para compartilhar este v√≠deo, use o link! =) N√£o fa√ßa o download para reproduzir em outras m√≠dias, sem autoriza√ß√£o. Direitos autorais reservados.

#NaPontadoP√â #Festival #Dan√ßa";20211206;Na Ponta do P√â;115;4021;129;137 - 1920x1080 (1080p);1920;1080;;4173.426;;none;;30;avc1.640028;mp4_dash;59870931;;http_dash_segments;youtube;;;;;;
42;Processed;20240406;#frevo;PmQwILQCEGU;https://www.youtube.com/watch?v=PmQwILQCEGU;DIA DO FREVO | Top 5 Na Ponta do P√â;"Neste 14 de setembro, √© comemorado o Dia Nacional do Frevo! Como a gente ama compartilhar esse ritmo pernambucano, que √© Patrim√¥nio Cultural Imaterial da Humanidade, trouxemos trechinhos dos TOP 5 de v√≠deos de frevo mais visualizados aqui no canal! 

Todos os v√≠deos foram feitos durante as cobertura de Na Ponta do P√â (imagens autorais), de apresenta√ß√µes de frevo antes da pandemia. 

00:00 Dia do Frevo 
01:32 Concurso de Passista de Frevo Masculino
03:40 Concurso de Passista de Frevo Feminino 
05:25 Mostra Mirim de Frevo 
06:32 Cia. de Frevo do Recife
07:22 Escola de Frevo do Recife

CONTE√öDO, IMAGENS E EDI√á√ÉO:
Ma√≠ra Passos/#NaPontadoP√â

SITE NA PONTA DO P√â:
https://www.napontadope.com/‚Äã

INSTAGRAM (@canalnapontadope):  
https://www.instagram.com/canalnapontadope. 

* Para compartilhar este v√≠deo, use o link! =) N√£o fa√ßa o download para reproduzir em outras m√≠dias, sem autoriza√ß√£o. Direitos autorais reservados.";20210914;Na Ponta do P√â;486;6464;29;137 - 1920x1080 (1080p);1920;1080;;2729.494;;none;;30;avc1.640028;mp4_dash;165679965;;http_dash_segments;youtube;;;;;;
43;Processed;20240406;#frevo;2D_k0XcIoFQ;https://www.youtube.com/watch?v=2D_k0XcIoFQ;FREVO | Cia. de Frevo do Recife, durante ensaio;"Breve registro de ensaio da Cia. de Frevo do Recife, que estava relembrando uma das suas coreografias, durante ensaio aberto no p√°tio do Cais do Sert√£o, no Recife Antigo. 

M√∫sica: Duda no Frevo
Core√≥grafo: Alexandre Macedo 

IMAGENS: 
Ma√≠ra Passos/#NaPontadoP√â 

SITE NA PONTA DO P√â:
https://www.napontadope.com/‚Äã

INSTAGRAM (@canalnapontadope):  
https://www.instagram.com/canalnapontadope 

* Para compartilhar este v√≠deo, use o link! =) N√£o fa√ßa o download para reproduzir em outras m√≠dias, sem autoriza√ß√£o. Direitos  reservados. 

#Dan√ßa #Frevo";20210507;Na Ponta do P√â;47;927;18;137 - 1920x1080 (1080p);1920;1080;;3269.931;;none;;30;avc1.640028;mp4_dash;19006066;;http_dash_segments;youtube;;;;;;
44;Processed;20240406;#frevo;n8_e-DG2Uag;https://www.youtube.com/watch?v=n8_e-DG2Uag;Frevo, com Guerreiros do Passo;"Demonstra√ß√£o exclusiva de Valdemiro Neto, dos Guerreiros do Passo, para #NaPontadoP√â

#Dan√ßa #Dan√ßaPopular #Frevo #Recife #Pernambuco";20141016;Na Ponta do P√â;58;711;8;134-dash - 640x360 (DASH video);640;360;;633.311;;none;;24;avc1.4d401e;mp4_dash;4182435;;http_dash_segments;youtube;;;;;;
45;Processed;20240406;#frevo;OgZKnliedNc;https://www.youtube.com/watch?v=OgZKnliedNc;FREVO | Com a Cia. de Frevo do Recife;"Apresenta√ß√£o da Cia. de Frevo do Recife no espet√°culo ""Thiago Soares e Amigos"", no Teatro Guararapes. NOT√çCIAS DE DAN√áA: http://www.napontadope.com/ 

üé• #NaPontadoP√â

#Dan√ßa #Dan√ßaPopular #Frevo";20190831;Na Ponta do P√â;201;2023;46;136 - 1280x720 (720p);1280;720;;1301.146;;none;;30;avc1.64001f;mp4_dash;32604443;;http_dash_segments;youtube;;;;;;
46;Processed;20240406;#frevo;qzQFCewbUH0;https://www.youtube.com/watch?v=qzQFCewbUH0;FREVO | Mostra de Frevo Mirim do Recife 2020;"Participantes da Mostra de Frevo do Recife 2020, com crian√ßas de 6 a 11 anos, como abertura do Concurso de Passistas de Frevo do Recife. 

IMAGENS: Ma√≠ra Passos/#NaPontadoP√â
NOT√çCIAS DE DAN√áA: http://napontadope.com/ 

* Para compartilhar este v√≠deo, use o link! =) N√£o fa√ßa o download para reproduzir em outras m√≠dias, sem autoriza√ß√£o. Direitos  reservados. 

#Dan√ßa #Frevo #Recife";20200213;Na Ponta do P√â;165;2597;56;137 - 1920x1080 (1080p);1920;1080;;4364.049;;none;;30;avc1.640028;mp4_dash;90081064;;http_dash_segments;youtube;;;;;;
47;Processed;20240406;#frevo;_oBWZ5p5wFo;https://www.youtube.com/watch?v=_oBWZ5p5wFo;FREVO | Coreografia da Escola de Frevo do Recife;"Apresenta√ß√£o da Escola de Frevo do Recife, contando com elementos da dan√ßa popular pernambucana, como frevo e caboclinho! No Teatro Luiz Mendon√ßa (Boa Viagem, Recife)

IMAGENS: Ma√≠ra Passos/#NaPontadoP√â

* Para compartilhar este v√≠deo, use o link! =) N√£o fa√ßa o download para reproduzir em outras m√≠dias, sem autoriza√ß√£o. Direitos  reservados. 

#Dan√ßa #Dan√ßaPopular #Frevo #Recife";20200117;Na Ponta do P√â;120;924;25;137 - 1920x1080 (1080p);1920;1080;;4285.554;;none;;30;avc1.640028;mp4_dash;64408129;;http_dash_segments;youtube;;;;;;
48;Processed;20240406;#frevo;cJHzw1yDkwg;https://www.youtube.com/watch?v=cJHzw1yDkwg;Festival do Folclore Pequena Dama- Frevo/Projeto aprovado no edital de Dan√ßa da lei Aldir Blanc.;;20210613;AC Pequena Dama;221;42;2;299 - 1440x1080 (1080p60);1440;1080;;3434.746;;none;;60;avc1.64002a;mp4_dash;94941979;;http_dash_segments;youtube;;;;;;
49;Processed;20240406;#frevo;iYksvzLAnpw;https://www.youtube.com/watch?v=iYksvzLAnpw;"Destramelar - Espet√°culo de Frevo ""DNA do Passo""";"Um resumo do que √© o nosso espet√°culo DNA do Passo pra dar aquele gostinho! 

Quer ver nosso espet√°culo completo?
Clica aqui: https://youtu.be/zH77gA14Oe0


E se a ideia de movimento encontrada em muitas das pinturas rupestres nos s√≠tios arqueol√≥gicos mundo a fora revelassem que a dan√ßa j√° estava ali, latente em nosso peito (e p√©s)? Convidamos a navegar junto conosco nos maravilhosos devaneios dos Core√≥grafos Pedro Pernambuco e Carmen Queiroz, pois, se √© assim, com certeza aqui nesta parte do planeta o Frevo deu seus ‚Äúprimeiros passos‚Äù ainda quando o ser humano nem se colocava de p√©...
√â nessa viagem que o Destramelar busca a hist√≥ria da evolu√ß√£o do nosso DNA ""frevista"", indo desde sua origem at√© o futuro. Assim, trazemos √† cena o ‚ÄúPrimates pernambucanus‚Äù e apresentamos sua trajet√≥ria desde o tempo das cavernas at√© o futuro intergal√°tico, onde os passistas conquistam os c√©us levando o frevo √† lua!
O espet√°culo DNA DO PASSO tem como objetivo principal reverenciar, de forma l√∫dica e po√©tica, os Mestres do Frevo, da Dan√ßa Popular e todos aqueles que transformaram a luta e resist√™ncia do nosso povo tamb√©m em patrim√¥nio imaterial da humanidade.
Assim, vamos atrav√©s de uma viagem mirabolante, efervescente e divertida em busca de uma explica√ß√£o da g√™nese do Frevo, indo desde a origem do ‚ÄúPrimates pernambucanus‚Äù at√© o futuro onde os passistas levam o frevo √† lua, em refer√™ncia √† divulga√ß√£o e preserva√ß√£o do nosso frevo.";20200502;Grupo Destramelar;348;631;17;137 - 1920x1080 (1080p);1920;1080;;2826.184;;none;;24;avc1.640028;mp4_dash;122929133;;http_dash_segments;youtube;;;;;;
